"dt_referencia","dt_atualizacao","confirmados","obitos","tx_obitos","recuperados","tx_recuperados","isolamento","tx_isolamento","enfermaria","tx_enfermaria","uti","tx_uti","testes_novos","testes_acumulados","tx_testes","leitos_uti","tx_oc_uti","leitos_enf","tc_oc_enf"
"2020-04-03","","176","14","0.08","23","0.13","87","0.569","34","0.222","18","0.102","","","","","","",""
"2020-04-04","","201","21","0.104","25","0.12","87","0.494","49","0.278","19","0.094","","","","","","",""
"2020-04-05","","223","30","0.134","25","0.11","101","0.51","44","0.222","23","0.103","","","","","","",""
"2020-04-06","","352","34","0.097","32","0.09","166","0.519","94","0.294","26","0.074","","","","","","",""
"2020-04-07","","401","46","0.115","32","0.08","189","0.512","110","0.298","24","0.06","","","","","","",""
"2020-04-08","","555","56","0.101","44","0.08","246","0.481","180","0.352","29","0.052","","","","","","",""
"2020-04-09","","684","65","0.095","44","0.06","359","0.561","185","0.289","31","0.045","272","2959","308","","","",""
"2020-04-10","","816","72","0.088","45","0.06","443","0.575","222","0.288","34","0.042","322","3281","342","","","",""
"2020-04-11","","960","85","0.088","46","0.05","548","0.6","241","0.264","40","0.042","336","3617","377","","","",""
"2020-04-12","","1154","102","0.088","57","0.05","708","0.645","232","0.212","55","0.048","307","3924","409","","","",""
"2020-04-13","","1284","115","0.09","68","0.05","773","0.636","265","0.218","63","0.049","320","4244","442","","","",""
"2020-04-14","","1484","143","0.096","68","0.05","942","0.665","263","0.186","68","0.046","389","4633","483","","","",""
"2020-04-15","","1683","160","0.095","86","0.05","1095","0.686","277","0.174","65","0.039","532","5165","538","","","",""
"2020-04-16","","2006","186","0.093","88","0.04","1359","0.709","303","0.158","70","0.035","699","5864","611","269","0.95","302","0.77"
"2020-04-17","","2193","205","0.094","94","0.04","1510","0.719","313","0.149","71","0.032","499","6363","663","307","0.95","322","0.73"
"2020-04-18","","2459","216","0.088","96","0.04","1749","0.74","334","0.141","74","0.03","394","6757","704","319","0.95","327","0.83"
"2020-04-19","","2690","234","0.087","100","0.04","1924","0.743","334","0.129","74","0.028","346","7103","740","319","0.99","327","0.78"
"2020-04-20","","2908","260","0.089","100","0.03","2101","0.748","334","0.119","74","0.025","418","7521","783","319","0.99","327","0.8"
"2020-04-21","","3298","282","0.086","105","0.03","2367","0.741","334","0.105","74","0.022","515","8036","837","327","0.98","346","0.79"
"2020-04-22","","3604","312","0.087","123","0.03","2591","0.744","444","0.128","134","0.037","554","8590","895","327","0.97","346","0.8"
"2020-04-23","","3999","352","0.088","202","0.05","1857","0.489","446","0.117","172","0.043","776","9366","976","327","0.98","346","0.84"
"2020-04-24","","4507","381","0.084","220","0.05","1988","0.464","545","0.127","182","0.04","796","10162","1059","330","0.97","379","0.84"
"2020-04-25","","4898","415","0.085","416","0.08","1864","0.416","598","0.133","192","0.039","580","10742","1119","333","0.98","379","0.86"
"2020-04-26","","5358","450","0.084","704","0.13","1684","0.362","660","0.142","190","0.035","523","11265","1173","348","0.96","384","0.86"
"2020-04-27","","5724","508","0.089","943","0.16","1508","0.315","718","0.15","181","0.032","487","11752","1224","364","0.97","386","0.86"
"2020-04-28","","6194","538","0.087","953","0.15","1552","0.296","799","0.152","203","0.033","570","12322","1284","387","0.98","386","0.86"
"2020-04-29","","6876","565","0.082","1074","0.16","1626","0.28","904","0.156","202","0.029","1091","13413","1397","400","0.98","419","0.88"
"2020-04-30","","7334","603","0.082","1095","0.15","1748","0.28","1027","0.165","212","0.029","741","14154","1474","411","0.97","444","0.87"
"2020-05-01","","8145","628","0.077","1193","0.15","1894","0.272","1116","0.16","216","0.026","713","14867","1549","423","0.98","444","0.84"
"2020-05-02","","8643","652","0.075","1207","0.14","2028","0.273","1237","0.166","220","0.025","743","15610","1626","435","0.98","451","0.88"
"2020-05-03","","8863","691","0.078","1235","0.14","2040","0.267","1281","0.168","223","0.025","610","16220","1690","435","0.98","451","0.89"
"2020-05-04","","9325","749","0.08","1312","0.14","2091","0.261","1368","0.171","221","0.024","645","16865","1757","437","0.99","451","0.88"
"2020-05-05","","9881","803","0.081","1370","0.14","2133","0.251","1446","0.17","221","0.022","833","17698","1844","454","0.98","461","0.86"
"2020-05-06","","10824","845","0.078","1388","0.13","2307","0.244","1542","0.163","220","0.02","1001","18699","1948","467","0.98","461","0.87"
"2020-05-07","","11587","927","0.08","1456","0.13","2334","0.23","1661","0.164","221","0.019","856","19555","2037","471","0.96","461","0.89"
"2020-05-08","","12470","972","0.078","1480","0.12","2412","0.22","1763","0.16","222","0.018","870","20425","2128","476","0.97","463","0.86"
"2020-05-09","","13275","1047","0.079","1522","0.11","2477","0.211","1879","0.16","231","0.017","956","21381","2227","490","0.97","478","0.86"
"2020-05-10","","13768","1087","0.079","1538","0.11","2499","0.204","2008","0.164","236","0.017","684","22065","2298","512","0.96","478","0.88"
"2020-05-11","","14309","1157","0.081","2466","0.17","2370","0.2","2132","0.18","238","0.017","844","22909","2386","532","0.96","616","0.88"
"2020-05-12","","14901","1224","0.082","2600","0.17","1566","0.127","2249","0.183","237","0.016","1045","23954","2495","541","0.97","621","0.9"
"2020-05-13","","15588","1298","0.083","2752","0.18","1462","0.114","2456","0.191","237","0.015","1235","25189","2624","551","0.96","629","0.87"
"2020-05-14","","16209","1381","0.085","2807","0.17","1508","0.112","2622","0.196","236","0.015","1165","26354","2745","557","0.97","671","0.86"
"2020-05-15","","18488","1461","0.079","2924","0.16","1734","0.111","2904","0.187","235","0.013","1394","27748","2890","557","0.97","671","0.82"
"2020-05-16","","19452","1516","0.078","2969","0.15","1788","0.108","3188","0.193","242","0.012","1166","28914","3012","557","0.96","692","0.82"
"2020-05-17","","20094","1640","0.082","2991","0.15","1830","0.107","3402","0.199","240","0.012","1000","35237","3671","557","0.96","692","0.84"
"2020-05-18","","21242","1741","0.082","3043","0.14","1917","0.105","3558","0.196","241","0.011","1800","37037","3858","568","0.96","733","0.84"
"2020-05-19","","22560","1834","0.081","3158","0.14","1962","0.101","3835","0.198","229","0.01","2038","39075","4070","579","0.97","733","0.86"
"2020-05-20","","23911","1925","0.08","4176","0.17","1947","0.099","4077","0.207","234","0.01","2026","41101","4281","590","0.95","733","0.84"
"2020-05-21","","25760","2057","0.08","4361","0.17","1980","0.092","4222","0.197","236","0.009","1743","42844","4463","600","0.97","738","0.86"
"2020-05-22","","26786","2144","0.08","4648","0.17","1729","0.078","4338","0.196","230","0.009","1604","44448","4630","604","0.98","738","0.87"
"2020-05-23","","27759","2200","0.079","6694","0.24","1616","0.077","4499","0.214","232","0.008","1859","46307","4824","614","0.97","763","0.88"
"2020-05-24","","28366","2248","0.079","8312","0.29","1616","0.081","4644","0.232","234","0.008","1216","47523","4950","614","0.97","763","0.87"
"2020-05-25","","28854","2328","0.081","8863","0.31","1439","0.072","4771","0.239","227","0.008","1120","48643","5067","615","0.98","770","0.88"
"2020-05-26","","29919","2468","0.082","10102","0.34","1362","0.069","4858","0.245","225","0.007","1749","50392","5249","615","0.98","785","0.78"
"2020-05-27","","30713","2566","0.084","11390","0.37","1245","0.064","4912","0.254","213","0.007","1536","51928","5409","615","0.96","792","0.79"
"2020-05-28","","32255","2669","0.083","12835","0.4","1193","0.061","5186","0.267","221","0.007","3250","55178","5748","635","0.96","812","0.78"
"2020-05-29","","33427","2740","0.082","13892","0.42","1015","0.052","5368","0.275","224","0.007","2482","57660","6006","662","0.98","827","0.74"
"2020-05-30","","34450","2807","0.082","15342","0.45","1051","0.055","5488","0.287","225","0.006","2016","59676","6216","672","0.96","827","0.75"
"2020-05-31","","34900","2875","0.082","16432","0.47","1070","0.058","5556","0.301","217","0.006","945","60621","6315","672","0.97","827","0.7"
"2020-06-01","","35508","2933","0.083","18590","0.52","1068","0.063","5829","0.344","223","0.006","1029","61650","6422","674","0.98","855","0.68"
"2020-06-02","","36463","3012","0.083","18950","0.52","1030","0.059","5706","0.326","225","0.006","2150","63800","6646","684","0.98","855","0.68"
"2020-06-03","","37507","3134","0.084","20375","0.54","1001","0.058","5469","0.319","215","0.006","2449","66249","6901","684","0.97","855","0.68"
"2020-06-04","","38511","3205","0.083","20983","0.54","878","0.05","5503","0.314","213","0.005","2303","68552","7141","688","0.95","855","0.63"
"2020-06-05","","39361","3270","0.083","21485","0.55","917","0.051","5460","0.305","195","0.005","2093","70645","7359","688","0.97","855","0.63"
"2020-06-06","","40242","3305","0.082","21773","0.54","929","0.05","5551","0.301","196","0.005","2107","72752","7578","688","0.96","855","0.62"
"2020-06-07","","40705","3350","0.082","23417","0.58","766","0.044","5195","0.3","226","0.006","1136","73888","7697","688","0.96","855","0.63"
"2020-06-08","","41010","3453","0.084","23721","0.58","757","0.044","5078","0.294","249","0.006","666","74554","7766","701","0.96","855","0.62"
"2020-06-09","","41935","3531","0.084","25569","0.61","921","0.056","4632","0.283","263","0.006","2206","76760","7996","701","0.95","873","0.63"
"2020-06-10","","42994","3633","0.084","25794","0.6","1015","0.059","4650","0.27","263","0.006","2520","79280","8258","711","0.94","873","0.63"
"2020-06-11","","43872","3694","0.084","27141","0.62","1033","0.062","4628","0.277","333","0.008","2239","81519","8492","721","0.94","873","0.63"
"2020-06-12","","44671","3784","0.085","27903","0.62","1060","0.063","4625","0.276","286","0.006","1660","83179","8664","711","0.94","873","0.58"
"2020-06-13","","45261","3855","0.085","28770","0.64","1080","0.066","4623","0.28","302","0.007","1376","84555","8808","721","0.94","888","0.6"
"2020-06-14","","45507","3886","0.085","28894","0.63","1101","0.066","4699","0.283","304","0.007","610","85165","8871","721","0.87","888","0.57"
"2020-06-15","","46427","3959","0.085","30767","0.66","854","0.054","4679","0.299","315","0.007","1809","86974","9060","731","0.85","893","0.46"
"2020-06-16","","47446","4009","0.084","30986","0.65","886","0.054","4743","0.288","321","0.007","2489","89463","9319","745","0.82","933","0.44"
"2020-06-17","","48626","4057","0.083","31703","0.65","817","0.048","4731","0.28","328","0.007","2452","91915","9574","745","0.83","946","0.42"
"2020-06-18","","49720","4102","0.082","32008","0.64","813","0.046","4753","0.268","333","0.007","2772","94687","9863","745","0.82","946","0.43"
"2020-06-19","","51118","4148","0.081","33497","0.66","788","0.045","4770","0.271","338","0.007","2947","97634","10170","745","0.83","968","0.41"
"2020-06-20","","52113","4234","0.081","33952","0.65","803","0.044","4629","0.255","340","0.006","2376","100010","10418","745","0.84","968","0.4"
"2020-06-21","","52494","4252","0.081","35462","0.68","665","0.039","4608","0.27","343","0.006","851","100861","10506","745","0.83","968","0.43"
"2020-06-22","","52831","4339","0.082","35805","0.68","553","0.032","4581","0.269","346","0.006","786","101647","10588","762","0.83","968","0.44"
"2020-06-23","","54022","4425","0.082","36710","0.68","566","0.033","4545","0.262","338","0.006","2521","104168","10851","762","0.81","968","0.44"
"2020-06-24","","55136","4488","0.081","36996","0.67","513","0.028","4559","0.251","350","0.006","2466","106634","11108","762","0.81","968","0.45"
"2020-06-25","","55804","4610","0.083","38185","0.68","495","0.028","4390","0.249","342","0.006","1334","107968","11247","762","0.79","968","0.45"
"2020-06-26","","57089","4708","0.082","38489","0.67","533","0.029","4446","0.239","330","0.006","2891","110859","11548","762","0.79","968","0.43"
"2020-06-27","","58107","4751","0.082","39956","0.69","475","0.026","4526","0.249","334","0.006","2297","113156","11787","768","0.8","968","0.44"
"2020-06-28","","58476","4782","0.082","40088","0.69","481","0.026","4564","0.248","336","0.006","996","114152","11891","776","0.77","968","0.44"
"2020-06-29","","58858","4829","0.082","40347","0.69","462","0.025","4566","0.247","346","0.006","853","115005","11980","796","0.77","968","0.44"
"2020-06-30","","59705","4894","0.082","41343","0.69","448","0.024","4542","0.247","347","0.006","1765","116770","12164","796","0.74","968","0.43"
"2020-07-01","","61119","4968","0.081","41925","0.69","356","0.018","4506","0.235","348","0.006","3493","120263","12527","796","0.76","968","0.43"
"2020-07-02","","62362","5068","0.081","42456","0.68","432","0.022","4292","0.216","331","0.005","2752","123015","12814","796","0.75","968","0.42"
"2020-07-03","","63457","5116","0.081","44314","0.7","499","0.026","4301","0.225","345","0.005","2432","125447","13067","796","0.74","968","0.44"
"2020-07-04","","65129","5143","0.079","44568","0.68","514","0.025","4299","0.209","349","0.005","4615","130062","13548","796","0.74","968","0.45"
"2020-07-05","","65642","5163","0.079","46417","0.71","429","0.022","4336","0.226","359","0.005","1592","131654","13714","796","0.72","968","0.45"
"2020-07-06","","66151","5234","0.079","46722","0.71","443","0.023","4276","0.22","349","0.005","1759","133413","13897","801","0.7","968","0.46"
"2020-07-07","","67604","5323","0.079","47881","0.71","444","0.022","4303","0.218","350","0.005","4053","137466","14319","801","0.69","968","0.46"
"2020-07-08","","68767","5409","0.079","47996","0.7","441","0.021","4296","0.207","355","0.005","3566","141032","14691","801","0.69","968","0.46"
"2020-07-09","","70100","5482","0.078","49483","0.71","368","0.018","4237","0.206","358","0.005","3998","145030","15107","801","0.69","968","0.47"
"2020-07-10","","71370","5556","0.078","50457","0.71","391","0.019","4167","0.199","341","0.005","3771","148801","15500","801","0.7","968","0.48"
"2020-07-11","","72470","5595","0.077","50850","0.7","384","0.018","4153","0.192","344","0.005","3734","152535","15889","801","0.72","968","0.47"
"2020-07-12","","72901","5652","0.078","51905","0.71","387","0.018","4160","0.198","343","0.005","1751","154286","16071","803","0.73","968","0.45"
"2020-07-13","","73576","5715","0.078","52972","0.72","365","0.018","4165","0.202","329","0.004","1720","156006","16251","803","0.77","968","0.54"
"2020-07-14","","74960","5772","0.077","53355","0.71","372","0.017","4057","0.188","337","0.004","3908","159914","16658","803","0.76","968","0.54"
"2020-07-15","","76091","5836","0.077","53970","0.71","323","0.015","3990","0.18","328","0.004","3595","163509","17032","803","0.75","968","0.55"
"2020-07-16","","77423","5869","0.076","54243","0.7","326","0.014","4004","0.173","331","0.004","3881","167390","17436","803","0.76","968","0.56"
"2020-07-17","","78509","5928","0.076","56268","0.72","277","0.013","3953","0.178","337","0.004","2888","170278","17737","803","0.75","968","0.56"
"2020-07-18","","79452","5984","0.075","56615","0.71","289","0.013","3966","0.174","334","0.004","2727","173005","18021","803","0.77","968","0.53"
"2020-07-19","","80115","6036","0.075","58582","0.73","285","0.013","4019","0.187","334","0.004","1765","174770","18205","827","0.75","957","0.54"
"2020-07-20","","80441","6089","0.076","58821","0.73","302","0.014","3909","0.181","337","0.004","1746","176516","18387","827","0.76","957","0.54"
"2020-07-21","","81382","6152","0.076","60119","0.74","333","0.016","3879","0.182","348","0.004","2696","179212","18668","837","0.73","957","0.55"
"2020-07-22","","83234","6211","0.075","60360","0.73","330","0.014","3819","0.167","348","0.004","5319","184531","19222","837","0.73","957","0.55"
"2020-07-23","","85042","6237","0.073","61995","0.73","332","0.014","3869","0.168","362","0.004","5310","189841","19775","837","0.73","987","0.54"
"2020-07-24","","86752","6299","0.073","62949","0.73","451","0.019","3715","0.156","354","0.004","4994","194835","20295","837","0.74","987","0.55"
"2020-07-25","","88466","6352","0.072","65177","0.74","322","0.014","3681","0.158","356","0.004","5137","199972","20830","837","0.75","987","0.56"
"2020-07-26","","89132","6376","0.072","65688","0.74","353","0.015","3682","0.157","356","0.004","1687","201659","21006","848","0.75","1043","0.48"
"2020-07-27","","89678","6421","0.072","67929","0.76","328","0.015","3613","0.166","362","0.004","1468","203127","21159","848","0.75","1043","0.52"
"2020-07-28","","91536","6484","0.071","68401","0.75","352","0.015","3609","0.156","359","0.004","5193","208320","21700","848","0.73","1043","0.52"
"2020-07-29","","93373","6526","0.07","69073","0.74","321","0.013","3573","0.147","361","0.004","4777","213097","22198","848","0.75","1043","0.55"
"2020-07-30","","95005","6557","0.069","70067","0.74","333","0.013","3597","0.144","360","0.004","3523","216620","22565","848","0.74","1073","0.5"
"2020-07-31","","96746","6597","0.068","72672","0.75","335","0.014","3523","0.146","352","0.004","5136","221756","23100","848","0.75","1073","0.52"
"2020-08-01","","97970","6634","0.068","73370","0.75","340","0.014","3513","0.143","345","0.004","3855","225611","23501","848","0.75","1073","0.54"
"2020-08-02","","98401","6669","0.068","75388","0.77","322","0.014","3558","0.155","346","0.004","1560","227171","23664","848","0.75","1073","0.54"
"2020-08-03","","98883","6717","0.068","75769","0.77","295","0.013","3489","0.151","332","0.003","2219","229390","23895","858","0.67","1073","0.5"
"2020-08-04","","100321","6758","0.067","77142","0.77","288","0.012","3364","0.145","323","0.003","4497","233887","24363","858","0.66","1073","0.48"
"2020-08-05","","101395","6828","0.067","77379","0.76","294","0.012","3310","0.138","306","0.003","3965","237852","24776","858","0.64","1073","0.5"
"2020-08-06","","102872","6867","0.067","78898","0.77","227","0.01","3305","0.138","308","0.003","4563","242415","25252","868","0.64","1073","0.48"
"2020-08-07","","104113","6920","0.066","80102","0.77","238","0.01","3250","0.135","305","0.003","4659","247074","25737","868","0.65","1073","0.47"
"2020-08-08","","105134","6941","0.066","82665","0.79","206","0.009","3271","0.146","305","0.003","3592","250666","26111","868","0.65","1073","0.49"
"2020-08-09","","105381","6970","0.066","83137","0.79","207","0.009","3279","0.147","303","0.003","1103","251769","26226","868","0.63","1073","0.47"
"2020-08-10","","105982","7008","0.066","85731","0.81","192","0.01","3282","0.162","290","0.003","1892","253661","26423","868","0.62","1073","0.45"
"2020-08-11","","107375","7049","0.066","86252","0.8","186","0.009","3273","0.155","284","0.003","4003","257664","26840","883","0.62","1093","0.43"
"2020-08-12","","108842","7084","0.065","86841","0.8","173","0.008","3204","0.146","277","0.002","4402","262066","27299","883","0.63","1093","0.43"
"2020-08-13","","110409","7111","0.064","87994","0.8","182","0.008","3207","0.143","281","0.002","4886","266952","27808","903","0.63","1165","0.43"
"2020-08-14","","111773","7156","0.064","90623","0.81","138","0.006","3177","0.15","272","0.002","5258","272210","28355","903","0.68","1165","0.45"
"2020-08-15","","112958","7188","0.064","91421","0.81","141","0.006","3208","0.149","270","0.002","4386","276596","28812","903","0.71","1165","0.48"
"2020-08-16","","113183","7210","0.064","93389","0.83","131","0.007","3204","0.162","266","0.002","975","277571","28914","903","0.7","1165","0.44"
"2020-08-17","","113788","7252","0.064","95060","0.84","138","0.007","3172","0.169","261","0.002","2513","280084","29175","903","0.7","1165","0.44"
"2020-08-18","","115217","7280","0.063","96220","0.84","126","0.007","3113","0.164","258","0.002","4963","285047","29692","903","0.7","1165","0.44"
"2020-08-19","","116359","7303","0.063","97038","0.83","111","0.006","3074","0.159","253","0.002","4058","289105","30115","903","0.7","1165","0.43"
"2020-08-20","","117431","7335","0.062","98126","0.84","85","0.004","3071","0.159","249","0.002","4633","293738","30598","903","0.69","1165","0.42"
"2020-08-21","","118027","7364","0.062","98667","0.84","84","0.004","3047","0.157","245","0.002","3582","297320","30971","903","0.72","1165","0.42"
"2020-08-22","","119140","7390","0.062","100330","0.84","73","0.004","3059","0.163","245","0.002","4167","301487","31405","903","0.72","1165","0.41"
"2020-08-23","","119357","7399","0.062","100664","0.84","75","0.004","3072","0.164","245","0.002","1304","302791","31541","903","0.69","1165","0.42"
"2020-08-24","","119958","7425","0.062","101354","0.84","69","0.004","3038","0.163","240","0.002","3773","306564","31934","903","0.67","1165","0.43"
"2020-08-25","","121078","7460","0.062","101793","0.84","73","0.004","2954","0.153","235","0.002","5055","311619","32460","903","0.68","1165","0.46"
"2020-08-26","","122147","7480","0.061","102683","0.84","71","0.004","2921","0.15","229","0.002","4613","316232","32941","903","0.69","1185","0.44"
"2020-08-27","","123146","7512","0.061","103517","0.84","71","0.004","2860","0.146","225","0.002","4553","320785","33415","903","0.67","1185","0.43"
"2020-08-28","","124151","7547","0.061","105381","0.85","67","0.004","2863","0.152","225","0.002","5162","325947","33953","903","0.7","1185","0.43"
"2020-08-29","","125094","7574","0.06","105859","0.85","66","0.003","2850","0.148","225","0.002","4566","330513","34428","903","0.7","1185","0.43"
"2020-08-30","","125539","7593","0.06","107243","0.85","60","0.003","2862","0.156","222","0.002","2259","332772","34664","903","0.7","1185","0.43"
"2020-08-31","","127287","7614","0.06","110583","0.87","58","0.004","2776","0.166","210","0.002","2540","335312","34928","903","0.7","1185","0.42"
"2020-09-01","","128724","7656","0.06","111941","0.87","66","0.004","2733","0.163","212","0.002","4826","340138","35431","903","0.7","1185","0.43"
"2020-09-02","","130199","7619","0.059","113496","0.87","69","0.004","2573","0.154","197","0.002","8251","348389","36291","903","0.7","1185","0.43"
"2020-09-03","","131230","7645","0.058","113538","0.87","59","0.003","2561","0.145","196","0.002","4849","353238","36796","903","0.69","1185","0.54"
"2020-09-04","","131961","7670","0.058","114782","0.87","51","0.003","2479","0.144","193","0.002","6597","359835","37483","903","0.7","1185","0.4"
"2020-09-05","","132152","7702","0.058","114952","0.87","57","0.003","2487","0.145","191","0.001","2619","362454","37756","903","0.71","1185","0.4"
"2020-09-06","","132420","7721","0.058","114990","0.87","63","0.004","2500","0.143","190","0.001","3711","366165","38142","903","0.73","1185","0.41"
"2020-09-07","","132590","7741","0.058","115154","0.87","54","0.003","2498","0.143","187","0.001","2425","368590","38395","903","0.73","1185","0.39"
"2020-09-08","","133579","7764","0.058","115800","0.87","60","0.003","2479","0.139","187","0.001","4281","372871","38841","903","0.72","1185","0.39"
"2020-09-09","","134619","7792","0.058","116702","0.87","52","0.003","2425","0.135","189","0.001","4838","377709","39345","903","0.68","1185","0.39"
"2020-09-10","","135643","7817","0.058","117349","0.87","57","0.003","2386","0.13","190","0.001","5958","383667","39965","903","0.69","1185","0.39"
"2020-09-11","","136413","7852","0.058","118239","0.87","47","0.003","2292","0.126","183","0.001","4860","388527","40472","903","0.71","1185","0.38"
"2020-09-12","","136672","7874","0.058","118570","0.87","44","0.002","2299","0.127","182","0.001","3009","391536","40785","903","0.71","1185","0.38"
"2020-09-13","","136853","7888","0.058","118724","0.87","39","0.002","2324","0.128","179","0.001","2389","393925","41034","903","0.7","1185","0.4"
"2020-09-14","","137869","7914","0.057","119554","0.87","60","0.003","2442","0.133","177","0.001","4702","403807","42063","903","0.7","1185","0.39"
"2020-09-15","","138568","7933","0.057","120068","0.87","71","0.004","2167","0.117","167","0.001","4442","408249","42526","903","0.68","1185","0.39"
"2020-09-16","","139325","7954","0.057","120891","0.87","77","0.004","2046","0.111","153","0.001","5045","413294","43051","903","0.68","1185","0.39"
"2020-09-17","","140235","7971","0.057","121708","0.87","61","0.003","1931","0.104","144","0.001","5640","418934","43639","903","0.66","1185","0.38"
"2020-09-18","","141042","8004","0.057","122512","0.87","63","0.003","1719","0.093","140","0.001","5623","424557","44225","903","0.66","1185","0.38"
"2020-09-19","","141517","8016","0.057","123023","0.87","54","0.003","1720","0.093","138","0.001","2748","427305","44511","903","0.67","1185","0.38"
"2020-09-20","","141777","8025","0.057","123304","0.87","53","0.003","1723","0.093","138","0.001","2454","429759","44767","903","0.67","1185","0.38"
"2020-09-21","","142488","8055","0.056","124013","0.87","52","0.003","1636","0.089","126","0.001","5024","434783","45290","903","0.64","1185","0.36"
"2020-09-22","","143165","8085","0.056","124650","0.87","66","0.004","1541","0.083","125","0.001","5038","439821","45815","903","0.62","1185","0.36"
"2020-09-23","","143703","8110","0.056","125554","0.87","54","0.003","1527","0.084","121","0.001","5008","444829","46336","903","0.62","1185","0.38"
"2020-09-24","","144268","8129","0.056","126271","0.88","57","0.003","1431","0.08","120","0.001","5074","449903","46865","903","0.62","1185","0.38"
"2020-09-25","","144940","8156","0.056","126888","0.88","50","0.003","1411","0.078","114","0.001","5985","455888","47488","903","0.64","1185","0.36"
"2020-09-26","","145016","8174","0.056","126916","0.88","42","0.002","1423","0.079","113","0.001","3068","458956","47808","903","0.66","1185","0.34"
"2020-09-27","","145096","8190","0.056","127022","0.88","39","0.002","1423","0.079","112","0.001","3343","462299","48156","903","0.65","1185","0.34"
"2020-09-28","","146325","8222","0.056","127590","0.87","60","0.003","1331","0.071","110","0.001","6376","468675","48820","903","0.66","1185","0.33"
"2020-09-29","","147171","8251","0.056","128102","0.87","56","0.003","1296","0.068","109","0.001","5594","474269","49403","903","0.65","1185","0.33"
"2020-09-30","","147872","8279","0.056","128484","0.87","55","0.003","1264","0.065","102","0.001","5833","480102","50011","903","0.65","1185","0.33"
"2020-10-01","","148737","8299","0.056","129060","0.87","44","0.002","1261","0.064","101","0.001","5802","485904","50615","903","0.67","1185","0.34"
"2020-10-02","","149349","8318","0.056","129516","0.87","56","0.003","1251","0.063","99","0.001","5571","491475","51195","903","0.68","1185","0.33"
"2020-10-03","","149417","8333","0.056","129563","0.87","53","0.003","1216","0.061","94","0.001","2395","493870","51445","903","0.69","1185","0.35"
"2020-10-04","","149454","8340","0.056","129571","0.87","43","0.002","1223","0.062","94","0.001","2523","496393","51708","903","0.7","1185","0.36"
"2020-10-05","","150217","8356","0.056","130371","0.87","30","0.002","1216","0.061","90","0.001","5164","501557","52246","903","0.7","1185","0.36"
"2020-10-06","","151139","8379","0.055","131135","0.87","33","0.002","1181","0.059","85","0.001","5472","507029","52816","903","0.7","1185","0.36"
"2020-10-07","","151736","8387","0.055","131670","0.87","54","0.003","1123","0.056","86","0.001","5112","512141","53348","903","0.7","1185","0.36"
"2020-10-08","","152414","8397","0.055","132179","0.87","51","0.002","1121","0.055","85","0.001","5239","517380","53894","903","0.71","1185","0.37"
"2020-10-09","","152998","8408","0.055","133125","0.87","51","0.003","1087","0.055","84","0","5504","522884","54467","765","0.72","1015","0.37"
"2020-10-10","","153144","8411","0.055","133312","0.87","55","0.003","1094","0.055","87","0.001","4356","527240","54921","765","0.73","1015","0.38"
"2020-10-11","","153222","8414","0.055","133371","0.87","44","0.002","1095","0.055","90","0.001","3682","530922","55304","765","0.73","1015","0.38"
"2020-10-12","","153299","8417","0.055","133512","0.87","46","0.002","1088","0.055","91","0.001","2477","533399","55562","735","0.75","916","0.42"
"2020-10-13","","154041","8438","0.055","134667","0.87","50","0.003","1087","0.056","91","0.001","4401","537800","56021","735","0.75","916","0.39"
"2020-10-14","","154866","8456","0.055","136278","0.88","48","0.003","1089","0.059","90","0.001","4047","541847","56442","735","0.7","916","0.39"
"2020-10-15","","155520","8469","0.054","138012","0.89","37","0.002","1076","0.062","84","0","4910","546757","56954","755","0.65","896","0.38"
"2020-10-16","","155923","8480","0.054","138749","0.89","34","0.002","1041","0.061","84","0","3896","550653","57360","755","0.65","896","0.38"
"2020-10-17","","156029","8487","0.054","138794","0.89","29","0.002","1050","0.061","82","0","2962","553615","57668","755","0.65","896","0.38"
"2020-10-18","","156130","8490","0.054","138870","0.89","28","0.002","1057","0.061","81","0","2854","556469","57966","753","0.65","896","0.38"
"2020-10-19","","156794","8505","0.054","139453","0.89","37","0.002","1033","0.06","85","0","5026","561495","58489","745","0.65","862","0.42"
"2020-10-20","","157418","8519","0.054","139726","0.89","39","0.002","1024","0.058","86","0","3357","564852","58839","745","0.65","862","0.43"
"2020-10-21","","157777","8527","0.054","139824","0.89","40","0.002","1031","0.057","82","0","3367","568219","59189","745","0.65","862","0.44"
"2020-10-22","","158496","8531","0.054","140591","0.89","38","0.002","1050","0.059","82","0","4853","573072","59695","796","0.67","953","0.46"
"2020-10-23","","159220","8542","0.054","141541","0.89","39","0.002","1030","0.058","82","0","5202","578274","60237","796","0.68","953","0.46"
"2020-10-24","","159377","8552","0.054","141700","0.89","39","0.002","1040","0.059","84","0","2870","581144","60536","796","0.69","933","0.46"
"2020-10-25","","159476","8564","0.054","141833","0.89","42","0.002","1039","0.059","82","0","2207","583351","60766","790","0.72","933","0.45"
"2020-10-26","","160354","8575","0.054","142674","0.89","45","0.002","1027","0.058","82","0","7062","590413","61501","785","0.75","933","0.46"
"2020-10-27","","161161","8587","0.053","143013","0.89","48","0.003","994","0.055","79","0","5471","595884","62071","785","0.75","933","0.48"
"2020-10-28","","161740","8599","0.053","143270","0.89","53","0.003","986","0.053","78","0","3184","599068","62403","785","0.75","933","0.5"
"2020-10-29","","162402","8609","0.053","144174","0.89","58","0.003","971","0.053","76","0","5962","605030","63024","784","0.76","933","0.51"
"2020-10-30","","162893","8627","0.053","144875","0.89","64","0.004","967","0.054","83","0","4895","609925","63534","786","0.76","833","0.58"
"2020-10-31","","162977","8632","0.053","145095","0.89","63","0.004","970","0.054","83","0","2295","612220","63773","786","0.76","833","0.58"
"2020-11-01","","163039","8638","0.053","145097","0.89","63","0.004","972","0.054","81","0","2420","614640","64025","786","0.78","833","0.56"
"2020-11-02","","163156","8643","0.053","145123","0.89","63","0.004","966","0.054","79","0","2088","616728","64243","786","0.79","833","0.54"
"2020-11-03","","163642","8667","0.053","145482","0.89","72","0.004","952","0.052","80","0","7147","623875","64987","786","0.79","833","0.57"
"2020-11-04","","164222","8687","0.053","145804","0.89","71","0.004","950","0.052","78","0","5763","629638","65587","786","0.77","833","0.57"
"2020-11-05","","165273","8711","0.053","146752","0.89","64","0.004","990","0.054","80","0","5766","635404","66188","786","0.79","833","0.55"
"2020-11-06","","165922","8724","0.053","147528","0.89","70","0.004","965","0.052","79","0","6225","641629","66836","780","0.81","831","0.54"
"2020-11-07","","166333","8732","0.052","147778","0.89","62","0.003","975","0.052","77","0","2883","644512","67137","780","0.82","831","0.55"
"2020-11-08","","166540","8740","0.052","147843","0.89","58","0.003","980","0.052","78","0","2911","647423","67440","780","0.78","831","0.55"
"2020-11-09","","167233","8763","0.052","149090","0.89","67","0.004","972","0.054","76","0","6275","653698","68094","782","0.8","831","0.55"
"2020-11-10","","168093","8773","0.052","149768","0.89","56","0.003","968","0.053","72","0","5132","658830","68628","782","0.77","831","0.54"
"2020-11-11","","168880","8794","0.052","150329","0.89","56","0.003","952","0.051","70","0","4903","663733","69139","822","0.74","870","0.46"
"2020-11-12","","169710","8805","0.052","151016","0.89","54","0.003","922","0.049","72","0","5278","669011","69689","822","0.74","870","0.52"
"2020-11-13","","170553","8815","0.052","151603","0.89","54","0.003","907","0.048","75","0","6761","675772","70393","827","0.75","803","0.57"
"2020-11-14","","170860","8827","0.052","151813","0.89","53","0.003","907","0.048","78","0","3905","679677","70800","833","0.73","808","0.57"
"2020-11-15","","171216","8838","0.052","152041","0.89","47","0.002","921","0.048","79","0","2077","681754","71016","833","0.72","808","0.56"
"2020-11-16","","171890","8854","0.052","152450","0.89","49","0.002","914","0.047","86","0","5430","687184","71582","833","0.73","808","0.57"
"2020-11-17","","172716","8873","0.051","153344","0.89","59","0.003","909","0.047","83","0","8533","695717","72471","833","0.73","808","0.57"
"2020-11-18","","173624","8890","0.051","154312","0.89","60","0.003","879","0.046","84","0","5335","701052","73026","833","0.73","808","0.57"
"2020-11-19","","174312","8899","0.051","154975","0.89","62","0.003","893","0.046","83","0","5186","706238","73566","835","0.76","808","0.59"
"2020-11-20","","175258","8920","0.051","155815","0.89","63","0.003","899","0.046","87","0","5209","711447","74109","835","0.79","808","0.6"
"2020-11-21","","175730","8923","0.051","156164","0.89","62","0.003","907","0.046","86","0","2622","714069","74382","835","0.78","808","0.6"
"2020-11-22","","176158","8926","0.051","156384","0.89","56","0.003","914","0.046","86","0","2476","716545","74640","835","0.78","808","0.63"
"2020-11-23","","176939","8951","0.051","156817","0.89","75","0.004","896","0.044","85","0","7992","724537","75473","835","0.78","808","0.64"
"2020-11-24","","178086","8971","0.05","157792","0.89","75","0.004","897","0.044","84","0","4765","729302","75969","816","0.8","808","0.64"
"2020-11-25","","178639","8987","0.05","158260","0.89","85","0.004","891","0.044","82","0","6656","735958","76662","816","0.8","806","0.66"
"2020-11-26","","179308","8999","0.05","158850","0.89","101","0.005","896","0.044","85","0","7926","743884","77488","816","0.81","806","0.69"
"2020-11-27","","181392","9019","0.05","160926","0.89","104","0.005","897","0.044","80","0","10247","754131","78555","816","0.81","806","0.69"
"2020-11-28","","181841","9030","0.05","161189","0.89","107","0.005","903","0.044","82","0","3863","757994","78958","829","0.83","806","0.67"
"2020-11-29","","182406","9037","0.05","161569","0.89","107","0.005","907","0.044","80","0","3472","761466","79319","829","0.84","806","0.66"
"2020-11-30","","184259","9056","0.049","162589","0.88","116","0.005","891","0.041","83","0","9491","770957","80308","829","0.85","806","0.69"
"2020-12-01","","185607","9082","0.049","163498","0.88","117","0.005","903","0.041","85","0","5314","776271","80862","829","0.86","806","0.7"
"2020-12-02","","187038","9098","0.049","164955","0.88","98","0.004","922","0.042","82","0","4406","780677","81321","829","0.85","791","0.69"
"2020-12-03","","188132","9119","0.048","165979","0.88","85","0.004","941","0.043","84","0","5904","786581","81936","829","0.86","791","0.69"
"2020-12-04","","189650","9140","0.048","167137","0.88","82","0.004","929","0.041","86","0","7911","794492","82760","829","0.86","791","0.67"
"2020-12-05","","190415","9148","0.048","167843","0.88","90","0.004","932","0.041","87","0","2124","796616","82981","829","0.87","791","0.68"
"2020-12-06","","191161","9170","0.048","168449","0.88","89","0.004","934","0.041","87","0","2503","799119","83242","839","0.87","807","0.65"
"2020-12-07","","192397","9186","0.048","169129","0.88","89","0.004","942","0.04","84","0","7318","806437","84004","839","0.88","807","0.68"
"2020-12-08","","193530","9200","0.048","169867","0.88","97","0.004","953","0.04","83","0","6775","813212","84710","839","0.86","807","0.68"
"2020-12-09","","195118","9229","0.047","170601","0.87","98","0.004","990","0.04","84","0","6350","819562","85371","839","0.88","807","0.68"
"2020-12-10","","197063","9244","0.047","171535","0.87","104","0.004","1027","0.04","86","0","7095","826657","86110","844","0.88","851","0.68"
"2020-12-11","","198426","9271","0.047","172547","0.87","109","0.004","1023","0.04","86","0","5803","832460","86715","854","0.85","849","0.68"
"2020-12-12","","198684","9284","0.047","172569","0.87","102","0.004","1019","0.039","84","0","1268","833728","86847","854","0.85","849","0.65"
"2020-12-13","","199046","9299","0.047","172861","0.87","103","0.004","1035","0.04","83","0","2871","836599","87146","894","0.83","879","0.67"
"2020-12-14","","199780","9324","0.047","173330","0.87","124","0.005","1004","0.038","82","0","7362","843961","87913","894","0.82","879","0.69"
"2020-12-15","","201851","9339","0.046","175215","0.87","125","0.005","1028","0.039","85","0","5707","849668","88507","894","0.84","879","0.72"
"2020-12-16","","203497","9361","0.046","176301","0.87","128","0.005","1031","0.038","86","0","6152","855820","89148","894","0.82","879","0.72"
"2020-12-17","","205262","9383","0.046","177576","0.87","108","0.004","1049","0.038","87","0","6131","861951","89787","910","0.82","879","0.73"
"2020-12-18","","207008","9418","0.046","178716","0.86","101","0.004","1074","0.038","90","0","9127","871078","90737","903","0.83","879","0.72"
"2020-12-19","","207426","9435","0.046","179062","0.86","103","0.004","1082","0.038","91","0","2879","873957","91037","903","0.83","879","0.7"
"2020-12-20","","208135","9443","0.045","179486","0.86","99","0.004","1113","0.039","92","0","2650","876607","91313","903","0.83","879","0.69"
"2020-12-21","","210081","9459","0.045","180577","0.86","106","0.004","1115","0.038","94","0","9558","886165","92309","913","0.81","879","0.7"
"2020-12-22","","211996","9487","0.045","181767","0.86","100","0.003","1111","0.037","95","0","7003","893168","93038","913","0.81","886","0.66"
"2020-12-23","","213453","9523","0.045","182854","0.86","106","0.004","1071","0.035","95","0","6642","899810","93730","923","0.82","886","0.64"
"2020-12-24","","214562","9544","0.044","183555","0.86","100","0.003","1073","0.035","95","0","5879","905689","94343","923","0.82","886","0.63"
"2020-12-25","","214949","9560","0.044","183766","0.85","106","0.003","1073","0.034","96","0","809","906498","94427","923","0.83","886","0.61"
"2020-12-26","","215552","9571","0.044","184646","0.86","106","0.003","1080","0.035","99","0","1735","908233","94608","923","0.83","886","0.63"
"2020-12-27","","215994","9588","0.044","184966","0.86","104","0.003","1102","0.035","100","0","2653","910886","94884","923","0.82","886","0.63"
"2020-12-28","","217772","9612","0.044","186681","0.86","107","0.003","1096","0.035","97","0","7306","918192","95645","923","0.82","886","0.63"
"2020-12-29","","220284","9632","0.044","187955","0.85","110","0.003","1083","0.034","95","0","8110","926302","96490","923","0.81","886","0.63"
"2020-12-30","","222166","9654","0.044","189850","0.85","107","0.003","1104","0.034","93","0","9372","935674","97466","923","0.84","886","0.65"
"2020-12-31","","222993","9666","0.043","189942","0.85","107","0.003","1117","0.034","89","0","4854","940528","97972","923","0.83","886","0.63"
"2021-01-01","","223325","9674","0.043","190301","0.85","118","0.004","1125","0.034","89","0","1023","941551","98078","923","0.83","886","0.63"
"2021-01-02","","223540","9679","0.043","190917","0.85","118","0.004","1133","0.035","90","0","1394","942945","98223","923","0.83","886","0.63"
"2021-01-03","","223845","9691","0.043","191412","0.86","114","0.004","1138","0.035","94","0","1374","944319","98367","923","0.83","886","0.65"
"2021-01-04","","225336","9709","0.043","192485","0.85","112","0.003","1137","0.035","96","0","4056","948375","98789","943","0.82","886","0.66"
"2021-01-05","","226940","9731","0.043","194123","0.86","106","0.003","1168","0.036","94","0","4800","953175","99289","951","0.83","892","0.67"
"2021-01-06","","228451","9763","0.043","195518","0.86","106","0.003","1181","0.036","94","0","4850","958025","99794","952","0.83","892","0.68"
"2021-01-07","","229701","9789","0.043","196457","0.86","108","0.003","1178","0.035","96","0","5320","963345","100348","952","0.82","892","0.7"
"2021-01-08","","230891","9826","0.043","197215","0.85","109","0.003","1188","0.035","98","0","6464","969809","101022","952","0.82","892","0.7"
"2021-01-09","","232037","9840","0.042","198249","0.85","111","0.003","1167","0.034","101","0","4408","974217","101481","952","0.84","892","0.7"
"2021-01-10","","232756","9851","0.042","198880","0.85","124","0.004","1160","0.034","99","0","3274","977491","101822","952","0.84","892","0.68"
"2021-01-11","","234238","9889","0.042","199536","0.85","132","0.004","1170","0.034","99","0","7616","985107","102615","957","0.84","892","0.68"
"2021-01-12","","236041","9919","0.042","200524","0.85","134","0.004","1213","0.034","100","0","8200","993307","103469","957","0.83","892","0.66"
"2021-01-13","","237453","9946","0.042","201230","0.85","128","0.004","1211","0.033","108","0","6881","1000188","104186","963","0.82","892","0.65"
"2021-01-14","","239155","9964","0.042","204017","0.85","130","0.004","1245","0.035","111","0","7628","1007816","104981","973","0.84","892","0.66"
"2021-01-15","","240605","9993","0.042","205511","0.85","135","0.004","1250","0.036","114","0","7892","1015708","105803","992","0.83","899","0.65"
"2021-01-16","","241087","10020","0.042","205719","0.85","135","0.004","1272","0.036","113","0","2796","1019538","106202","992","0.86","899","0.66"
"2021-01-17","","241409","10031","0.042","205930","0.85","137","0.004","1295","0.036","110","0","3270","1022808","106543","992","0.85","899","0.67"
"2021-01-18","","243044","10059","0.041","207478","0.85","156","0.004","1263","0.035","107","0","7492","1030300","107323","992","0.85","899","0.67"
"2021-01-19","","244814","10098","0.041","209502","0.86","157","0.004","1254","0.035","106","0","7384","1037684","108092","994","0.84","899","0.72"
"2021-01-20","","246799","10133","0.041","211038","0.86","157","0.004","1217","0.034","109","0","6459","1044143","108765","993","0.82","899","0.73"
"2021-01-21","","248513","10152","0.041","212111","0.85","146","0.004","1232","0.034","112","0","6205","1050348","109411","993","0.82","899","0.75"
"2021-01-22","","250165","10177","0.041","213329","0.85","142","0.004","1270","0.034","112","0","9054","1059402","110354","980","0.85","899","0.77"
"2021-01-23","","250702","10193","0.041","213559","0.85","146","0.004","1303","0.035","114","0","4260","1063662","110798","980","0.85","899","0.78"
"2021-01-24","","251291","10200","0.041","213819","0.85","144","0.004","1328","0.035","117","0","3404","1067066","111153","994","0.83","899","0.76"
"2021-01-25","","253415","10222","0.04","215937","0.85","158","0.004","1359","0.036","108","0","8265","1075331","112014","984","0.83","899","0.73"
"2021-01-26","","255483","10251","0.04","217522","0.85","148","0.004","1364","0.036","107","0","5261","1080592","112562","988","0.81","899","0.71"
"2021-01-27","","256977","10279","0.04","218405","0.85","140","0.004","1395","0.036","110","0","4128","1084720","112992","988","0.81","899","0.69"
"2021-01-28","","258725","10304","0.04","220037","0.85","143","0.004","1403","0.036","105","0","5906","1090626","113607","988","0.82","899","0.7"
"2021-01-29","","260679","10332","0.04","221666","0.85","144","0.004","1393","0.036","106","0","7159","1097785","114353","991","0.83","909","0.65"
"2021-01-30","","261300","10348","0.04","222208","0.85","152","0.004","1383","0.035","105","0","3031","1100816","114668","991","0.84","909","0.67"
"2021-01-31","","261745","10364","0.04","222929","0.85","146","0.004","1396","0.036","106","0","2650","1103466","114944","991","0.84","909","0.65"
"2021-02-01","","263722","10387","0.039","224393","0.85","178","0.004","1373","0.035","113","0","6465","1109931","115618","991","0.82","909","0.67"
"2021-02-02","","265349","10399","0.039","225556","0.85","138","0.004","1421","0.036","113","0","4568","1114499","116094","991","0.81","909","0.66"
"2021-02-03","","266999","10430","0.039","226973","0.85","128","0.003","1439","0.036","111","0","5534","1120033","116670","991","0.82","909","0.64"
"2021-02-04","","268486","10452","0.039","228696","0.85","129","0.003","1431","0.036","114","0","4791","1124824","117169","991","0.8","909","0.63"
"2021-02-05","","269937","10481","0.039","230275","0.85","125","0.003","1424","0.036","109","0","5420","1130244","117734","992","0.82","912","0.65"
"2021-02-06","","270801","10494","0.039","231056","0.85","136","0.003","1417","0.036","111","0","2414","1132658","117985","992","0.8","912","0.65"
"2021-02-07","","271542","10508","0.039","231810","0.85","136","0.003","1438","0.036","109","0","1950","1134608","118188","992","0.83","912","0.64"
"2021-02-08","","273278","10546","0.039","233504","0.85","136","0.003","1418","0.036","117","0","6011","1140619","118814","992","0.84","912","0.66"
"2021-02-09","","274809","10577","0.038","234954","0.85","139","0.004","1422","0.036","117","0","3835","1144454","119214","992","0.83","912","0.66"
"2021-02-10","","276452","10597","0.038","237018","0.86","140","0.004","1429","0.036","115","0","4299","1148753","119662","988","0.84","922","0.65"
"2021-02-11","","277832","10621","0.038","238685","0.86","138","0.004","1452","0.037","114","0","4769","1153522","120159","992","0.84","932","0.64"
"2021-02-12","","279637","10644","0.038","240595","0.86","119","0.003","1456","0.037","114","0","5802","1159324","120763","993","0.86","932","0.68"
"2021-02-13","","280528","10662","0.038","241282","0.86","115","0.003","1465","0.037","113","0","2689","1162013","121043","993","0.87","932","0.68"
"2021-02-14","","281331","10677","0.038","242038","0.86","108","0.003","1487","0.038","114","0","2544","1164557","121308","998","0.86","932","0.67"
"2021-02-15","","282913","10711","0.038","243347","0.86","123","0.003","1468","0.037","117","0","5171","1169728","121847","995","0.84","932","0.68"
"2021-02-16","","284840","10744","0.038","244942","0.86","124","0.003","1479","0.037","114","0","4009","1173737","122264","995","0.85","932","0.71"
"2021-02-17","","287066","10780","0.038","247456","0.86","131","0.003","1479","0.037","109","0","4187","1177924","122700","995","0.85","932","0.71"
"2021-02-18","","288424","10804","0.038","248691","0.86","131","0.003","1489","0.038","110","0","5708","1183632","123295","996","0.84","932","0.71"
"2021-02-19","","289556","10839","0.037","249822","0.86","125","0.003","1426","0.036","107","0","5613","1189245","123880","996","0.85","932","0.73"
"2021-02-20","","290500","10849","0.037","250759","0.86","125","0.003","1432","0.036","106","0","1936","1191181","124081","996","0.85","932","0.73"
"2021-02-21","","291189","10863","0.037","251438","0.86","121","0.003","1458","0.037","106","0","3121","1194302","124406","996","0.88","932","0.74"
"2021-02-22","","292913","10887","0.037","252799","0.86","133","0.003","1435","0.036","103","0","6407","1200709","125074","996","0.88","932","0.74"
"2021-02-23","","294479","10911","0.037","253742","0.86","134","0.003","1463","0.036","102","0","4413","1205122","125534","998","0.89","923","0.75"
"2021-02-24","","295681","10926","0.037","254810","0.86","133","0.003","1472","0.036","104","0","6115","1211237","126171","998","0.89","937","0.73"
"2021-02-25","","297404","10945","0.037","256554","0.86","134","0.003","1481","0.036","104","0","5781","1217018","126773","1000","0.91","937","0.74"
"2021-02-26","","298859","10974","0.037","257881","0.86","129","0.003","1477","0.036","101","0","6742","1223760","127475","1022","0.91","940","0.72"
"2021-02-27","","299475","10996","0.037","258403","0.86","129","0.003","1490","0.036","99","0","2768","1226528","127763","1022","0.92","940","0.73"
"2021-02-28","","300104","11007","0.037","258871","0.86","128","0.003","1497","0.036","99","0","2523","1229051","128026","1016","0.93","940","0.78"
"2021-03-01","","301434","11030","0.037","259687","0.86","140","0.003","1481","0.035","102","0","6802","1235853","128735","1039","0.92","940","0.78"
"2021-03-02","","303047","11068","0.036","261154","0.86","132","0.003","1502","0.036","102","0","5410","1241263","129298","1046","0.92","950","0.79"
"2021-03-03","","304732","11090","0.036","262506","0.86","140","0.003","1536","0.036","105","0","6316","1247579","129956","1045","0.94","945","0.79"
"2021-03-04","","306320","11119","0.036","263727","0.86","138","0.003","1576","0.037","111","0","7868","1255447","130776","1055","0.94","994","0.79"
"2021-03-05","","307984","11153","0.036","264957","0.86","138","0.003","1570","0.036","109","0","7908","1263355","131599","1057","0.94","983","0.8"
"2021-03-06","","308284","11173","0.036","265022","0.86","138","0.003","1593","0.037","109","0","2946","1266301","131906","1057","0.95","999","0.82"
"2021-03-07","","308657","11207","0.036","265200","0.86","130","0.003","1670","0.038","112","0","2579","1268880","132175","1068","0.95","1006","0.84"
"2021-03-08","","309976","11224","0.036","266411","0.86","145","0.003","1645","0.038","130","0","8969","1277849","133109","1090","0.95","1026","0.84"
"2021-03-09","","311558","11246","0.036","267569","0.86","145","0.003","1669","0.038","133","0","6205","1284054","133756","1111","0.95","1017","0.82"
"2021-03-10","","313227","11269","0.036","268696","0.86","148","0.003","1662","0.037","133","0","7829","1291883","134571","1151","0.95","1041","0.82"
"2021-03-11","","314793","11318","0.036","270462","0.86","147","0.003","1626","0.037","143","0","6618","1298501","135261","1202","0.95","1042","0.8"
"2021-03-12","","316424","11357","0.036","272154","0.86","191","0.004","1647","0.037","150","0","7771","1307197","136166","1232","0.95","1060","0.8"
"2021-03-13","","317528","11383","0.036","272582","0.86","182","0.004","1678","0.037","152","0","5094","1312291","136697","1244","0.95","1068","0.82"
"2021-03-14","","318449","11411","0.036","273219","0.86","182","0.004","1721","0.038","149","0","2124","1314415","136918","1253","0.96","1068","0.82"
"2021-03-15","","320931","11471","0.036","275733","0.86","212","0.005","1740","0.038","166","0","8610","1323025","137815","1265","0.96","1060","0.84"
"2021-03-16","","323176","11510","0.036","277852","0.86","212","0.005","1774","0.039","170","0","6867","1329892","138530","1289","0.97","1073","0.82"
"2021-03-17","","325315","11563","0.035","278825","0.86","226","0.005","1790","0.038","182","0.001","7524","1337416","139314","1324","0.96","1089","0.82"
"2021-03-18","","327526","11614","0.035","280009","0.85","220","0.005","1844","0.039","195","0.001","9797","1347213","140335","1355","0.96","1118","0.82"
"2021-03-19","","329633","11638","0.035","281595","0.85","222","0.005","1894","0.039","205","0.001","8512","1355725","141221","1387","0.98","1125","0.82"
"2021-03-20","","330649","11661","0.035","282285","0.85","222","0.005","1932","0.04","206","0.001","3926","1359651","141630","1391","0.97","1125","0.83"
"2021-03-21","","331326","11698","0.035","282616","0.85","253","0.005","1942","0.04","208","0.001","3376","1363027","141982","1398","0.97","1127","0.84"
"2021-03-22","","333498","11762","0.035","284418","0.85","266","0.005","2046","0.042","219","0.001","12227","1375254","143256","1409","0.97","1144","0.85"
"2021-03-23","","336236","11807","0.035","286781","0.85","247","0.005","2084","0.042","236","0.001","7203","1382457","144006","1437","0.97","1174","0.86"
"2021-03-24","","339022","11853","0.035","288419","0.85","297","0.006","2156","0.043","233","0.001","7674","1390131","144805","1452","0.98","1169","0.86"
"2021-03-25","","341249","11915","0.035","289968","0.85","303","0.006","2177","0.043","232","0.001","8212","1398343","145661","1466","0.96","1155","0.88"
"2021-03-26","","343406","11975","0.035","291303","0.85","302","0.006","2152","0.041","226","0.001","7525","1405868","146445","1500","0.96","1175","0.88"
"2021-03-27","","344177","12006","0.035","291403","0.85","295","0.006","2259","0.043","223","0.001","3881","1409749","146849","1506","0.97","1167","0.87"
"2021-03-28","","344567","12044","0.035","291503","0.85","290","0.005","2302","0.043","221","0.001","3818","1413567","147247","1526","0.97","1182","0.87"
"2021-03-29","","346800","12118","0.035","293723","0.85","313","0.006","2357","0.044","226","0.001","10154","1423721","148304","1547","0.96","1175","0.83"
"2021-03-30","","349231","12175","0.035","295919","0.85","315","0.006","2397","0.045","224","0.001","10154","1423721","148304","1570","0.96","1183","0.88"
"2021-03-31","","352218","12249","0.035","298206","0.85","315","0.006","2412","0.045","227","0.001","11036","1443109","150324","1570","0.96","1183","0.86"
"2021-04-01","","353997","12295","0.035","299986","0.85","317","0.006","2446","0.045","217","0.001","8786","1451895","151239","1570","0.96","1183","0.86"
"2021-04-02","","354982","12349","0.035","300267","0.85","311","0.006","2495","0.046","217","0.001","2840","1454735","151535","1560","0.96","1199","0.88"
"2021-04-03","","355617","12377","0.035","300385","0.84","306","0.005","2532","0.046","215","0.001","3971","1458706","151949","1558","0.97","1215","0.82"
"2021-04-04","","356326","12421","0.035","300939","0.84","300","0.005","2582","0.047","214","0.001","1776","1460482","152134","1556","0.97","1220","0.86"
"2021-04-05","","358505","12479","0.035","303491","0.85","319","0.006","2548","0.046","217","0.001","10333","1470815","153210","1568","0.96","1220","0.86"
"2021-04-06","","361470","12541","0.035","305544","0.85","334","0.006","2328","0.042","464","0.001","8563","1479378","154102","1578","0.97","1220","0.87"
"2021-04-07","","364354","12623","0.035","307902","0.85","362","0.006","2351","0.042","462","0.001","13789","1493167","155538","1577","0.96","1217","0.87"
"2021-04-08","","366346","12686","0.035","309778","0.85","331","0.006","2305","0.041","484","0.001","8241","1501408","156397","1579","0.95","1229","0.84"
"2021-04-09","","368700","12744","0.035","312018","0.85","198","0.004","2320","0.041","476","0.001","6604","1508012","157085","1579","0.97","1229","0.81"
"2021-04-10","","369487","12803","0.035","312359","0.85","209","0.004","2216","0.039","461","0.001","2651","1510663","157361","1595","0.97","1227","0.83"
"2021-04-11","","370225","12837","0.035","312677","0.84","251","0.004","2133","0.037","451","0.001","3172","1513835","157691","1594","0.97","1235","0.81"
"2021-04-12","","372756","12905","0.035","315417","0.85","322","0.006","2019","0.035","424","0.001","9357","1523192","158666","1593","0.97","1246","0.82"
"2021-04-13","","375115","12988","0.035","318195","0.85","335","0.006","1860","0.033","468","0.001","7244","1530436","159420","1604","0.97","1246","0.83"
"2021-04-14","","376983","13051","0.035","319407","0.85","327","0.006","1722","0.03","550","0.002","7880","1538316","160241","1604","0.97","1246","0.82"
"2021-04-15","","378852","13102","0.035","321862","0.85","309","0.005","1692","0.03","559","0.002","7519","1545835","161024","1611","0.96","1247","0.83"
"2021-04-16","","380818","13179","0.035","323559","0.85","318","0.006","1769","0.031","558","0.002","7969","1553804","161855","1611","0.97","1247","0.83"
"2021-04-17","","382164","13212","0.035","324576","0.85","300","0.005","1821","0.032","573","0.002","4706","1558510","162345","1611","0.96","1247","0.82"
"2021-04-18","","383184","13248","0.035","325428","0.85","297","0.005","1864","0.032","578","0.002","3785","1562295","162739","1611","0.97","1247","0.81"
"2021-04-19","","386027","13317","0.034","327627","0.85","305","0.005","1876","0.032","600","0.002","12382","1574677","164029","1610","0.96","1249","0.83"
"2021-04-20","","388507","13380","0.034","330166","0.85","292","0.005","1857","0.032","615","0.002","7039","1581716","164762","1610","0.97","1249","0.84"
"2021-04-21","","389709","13425","0.034","330763","0.85","289","0.005","1873","0.032","606","0.002","2631","1584347","165036","1620","0.96","1249","0.84"
"2021-04-22","","391740","13524","0.034","332719","0.85","289","0.005","1777","0.03","568","0.001","9081","1593428","165982","1628","0.96","1250","0.84"
"2021-04-23","","393829","13570","0.034","334034","0.85","459","0.008","1609","0.027","556","0.001","6953","1600381","166706","1628","0.96","1250","0.82"
"2021-04-24","","395563","13640","0.034","335035","0.85","481","0.008","1586","0.026","558","0.001","4009","1604390","167124","1627","0.96","1250","0.81"
"2021-04-25","","396841","13687","0.034","335815","0.85","488","0.008","1617","0.026","560","0.001","2697","1607087","167405","1636","0.97","1250","0.8"
"2021-04-26","","399347","13762","0.034","338299","0.85","474","0.008","1596","0.026","551","0.001","9977","1617064","168444","1633","0.96","1250","0.83"
"2021-04-27","","402157","13868","0.034","340651","0.85","481","0.008","1628","0.026","562","0.001","8369","1625433","169316","1656","0.95","1238","0.81"
"2021-04-28","","404668","13967","0.034","343063","0.85","456","0.007","1565","0.025","568","0.001","8644","1634077","170216","1645","0.95","1233","0.81"
"2021-04-29","","406585","14038","0.034","345538","0.85","454","0.007","1504","0.025","553","0.001","10743","1644820","171335","1645","0.96","1233","0.81"
"2021-04-30","","408763","14128","0.035","347589","0.85","454","0.007","1558","0.025","568","0.001","8674","1653494","172239","1645","0.97","1241","0.8"
"2021-05-01","","409493","14180","0.035","347949","0.85","535","0.009","1499","0.024","560","0.001","3548","1657042","172609","1643","0.97","1241","0.8"
"2021-05-02","","410453","14206","0.035","348230","0.85","542","0.009","1573","0.025","588","0.001","3477","1660519","172971","1652","0.97","1255","0.78"
"2021-05-03","","412786","14279","0.035","350949","0.85","505","0.008","1619","0.026","580","0.001","10310","1670829","174045","1657","0.96","1249","0.8"
"2021-05-04","","414929","14333","0.034","352555","0.85","499","0.008","1599","0.026","593","0.001","8298","1679127","174909","1657","0.97","1249","0.81"
"2021-05-05","","418003","14385","0.034","355099","0.85","536","0.009","1546","0.025","598","0.001","8211","1687338","175764","1657","0.97","1249","0.81"
"2021-05-06","","420766","14434","0.034","357854","0.85","580","0.009","1473","0.023","616","0.002","10129","1697467","176819","1674","0.94","1258","0.83"
"2021-05-07","","423689","14491","0.034","360969","0.85","578","0.009","1477","0.024","612","0.001","9760","1707227","177836","1687","0.94","1249","0.77"
"2021-05-08","","424582","14518","0.034","361264","0.85","519","0.008","1576","0.025","646","0.002","6608","1713835","178524","1687","0.95","1249","0.81"
"2021-05-09","","426410","14550","0.034","363711","0.85","527","0.008","1619","0.026","643","0.002","3169","1717004","178855","1700","0.96","1247","0.85"
"2021-05-10","","429187","14639","0.034","366511","0.85","561","0.009","1625","0.026","667","0.002","12002","1729006","180105","1700","0.97","1247","0.81"
"2021-05-11","","431613","14719","0.034","369033","0.86","467","0.007","1578","0.025","636","0.002","8940","1737946","181036","1699","0.97","1232","0.83"
"2021-05-12","","434808","14798","0.034","371416","0.85","496","0.008","1567","0.025","640","0.002","10027","1747973","182081","1698","0.96","1232","0.84"
"2021-05-13","","437783","14841","0.034","373453","0.85","502","0.008","1619","0.025","636","0.002","10565","1758538","183181","1698","0.96","1232","0.86"
"2021-05-14","","440677","14906","0.034","375408","0.85","620","0.01","1595","0.024","603","0.001","9329","1767867","184153","1688","0.96","1221","0.84"
"2021-05-15","","442363","14949","0.034","376031","0.85","618","0.009","1632","0.025","615","0.001","3318","1771185","184498","1708","0.96","1234","0.82"
"2021-05-16","","443064","14980","0.034","376194","0.85","605","0.009","1655","0.025","619","0.001","1774","1772959","184683","1678","0.97","1234","0.86"
"2021-05-17","","446093","15048","0.034","378154","0.85","614","0.009","1602","0.024","593","0.001","11425","1784384","185873","1680","0.97","1249","0.85"
"2021-05-18","","449533","15127","0.034","381891","0.85","569","0.008","1613","0.024","605","0.001","7022","1791406","186605","1679","0.97","1269","0.85"
"2021-05-19","","459721","15192","0.033","384286","0.84","586","0.008","1643","0.022","626","0.001","11400","1802806","187792","1679","0.96","1257","0.84"
"2021-05-20","","456690","15258","0.033","386364","0.85","607","0.009","1696","0.024","625","0.001","12523","1815329","189097","1681","0.97","1257","0.82"
"2021-05-21","","460279","15325","0.033","388485","0.84","677","0.009","1592","0.022","592","0.001","6459","1821788","189770","1710","0.97","1258","0.86"
"2021-05-22","","462368","15365","0.033","389131","0.84","678","0.009","1625","0.022","602","0.001","251","1815329","189097","1695","0.97","1258","0.86"
"2021-05-23","","463736","15393","0.033","389534","0.84","676","0.009","1650","0.022","613","0.001","1637","1815329","189097","1705","0.98","1258","0.86"
"2021-05-24","","467269","15465","0.033","391461","0.84","702","0.009","1609","0.021","590","0.001","7443","1822772","189872","1718","0.98","1254","0.86"
"2021-05-25","","470063","15524","0.033","394630","0.84","673","0.009","1659","0.022","600","0.001","6840","1829612","190585","1723","0.97","1261","0.83"
"2021-05-26","","472590","15595","0.033","397051","0.84","708","0.009","1591","0.021","582","0.001","5812","1835424","191190","1733","0.97","1259","0.83"
"2021-05-27","","473326","15657","0.033","397631","0.84","707","0.009","1606","0.021","588","0.001","10976","1846400","192333","1712","0.97","1258","0.84"
"2021-05-28","","478902","15742","0.033","400005","0.84","703","0.009","1693","0.021","612","0.001","9845","1856245","193359","1714","0.98","1242","0.82"
"2021-05-29","","481070","15807","0.033","400592","0.83","684","0.009","1799","0.022","639","0.001","3445","1859690","193718","1715","0.98","1241","0.83"
"2021-05-30","","482157","15862","0.033","400751","0.83","684","0.008","1837","0.023","638","0.001","1446","1861136","193868","1726","0.98","1241","0.84"
"2021-05-31","","485594","15940","0.033","402711","0.83","722","0.009","1893","0.023","637","0.001","4459","1865595","194333","1739","0.97","1230","0.85"
"2021-06-01","","489145","16013","0.033","406920","0.83","658","0.008","1884","0.023","646","0.001","10194","1875789","195395","1758","0.96","1227","0.83"
"2021-06-02","","492794","16097","0.033","409743","0.83","699","0.008","1966","0.024","638","0.001","7601","1883390","196186","1760","0.97","1257","0.82"
"2021-06-03","","493438","16149","0.033","410240","0.83","732","0.009","1885","0.023","606","0.001","1351","1884741","196327","1758","0.96","1259","0.83"
"2021-06-04","","497906","16243","0.033","413346","0.83","725","0.009","2055","0.024","652","0.001","11378","1896119","197512","1757","0.96","1273","0.84"
"2021-06-05","","499572","16292","0.033","414367","0.83","736","0.009","2143","0.025","662","0.001","2783","1898902","197802","1749","0.96","1273","0.83"
"2021-06-06","","500821","16357","0.033","415055","0.83","737","0.009","2249","0.026","677","0.001","9442","1908344","198786","1750","0.97","1273","0.82"
"2021-06-07","","502697","16468","0.033","416397","0.83","907","0.011","1868","0.022","656","0.001","7262","1915606","199542","1764","0.97","1275","0.82"
"2021-06-08","","509184","16549","0.032","423540","0.83","956","0.011","1879","0.022","698","0.001","11107","1926713","200699","1765","0.97","1277","0.8"
"2021-06-09","","511829","16614","0.032","426097","0.83","996","0.012","1813","0.021","727","0.001","5527","1932240","201275","1779","0.97","1274","0.8"
"2021-06-10","","515544","16701","0.032","429165","0.83","917","0.011","1816","0.021","730","0.001","10047","1942287","202322","1779","0.97","1277","0.8"
"2021-06-11","","518421","16780","0.032","431760","0.83","923","0.011","1882","0.022","744","0.001","8506","1950793","203208","1778","0.96","1277","0.75"
"2021-06-12","","519577","16828","0.032","432119","0.83","918","0.011","1915","0.022","751","0.001","3678","1954471","203591","1788","0.96","1277","0.73"
"2021-06-13","","520694","16860","0.032","432715","0.83","918","0.01","1964","0.022","752","0.001","2016","1956487","203801","1788","0.94","1277","0.72"
"2021-06-14","","524316","16932","0.032","435964","0.83","963","0.011","1955","0.022","753","0.001","9419","1965906","204782","1791","0.92","1273","0.71"
"2021-06-15","","526963","16990","0.032","438357","0.83","977","0.011","1925","0.022","763","0.001","8225","1974131","205639","1792","0.91","1267","0.69"
"2021-06-16","","530077","17069","0.032","442186","0.83","1026","0.012","1900","0.022","744","0.001","9154","1983285","206592","1801","0.87","1264","0.69"
"2021-06-17","","533195","17139","0.032","445238","0.84","974","0.011","1961","0.022","755","0.001","10186","1993471","207653","1800","0.86","1264","0.67"
"2021-06-18","","535707","17216","0.032","449231","0.84","1135","0.013","1847","0.021","717","0.001","6060","1999531","208284","1800","0.86","1264","0.67"
"2021-06-19","","536671","17254","0.032","450773","0.84","1134","0.013","1889","0.022","716","0.001","2577","2002108","208553","1809","0.85","1264","0.63"
"2021-06-20","","537476","17281","0.032","451374","0.84","1128","0.013","1921","0.022","716","0.001","1566","2003674","208716","1809","0.83","1262","0.64"
"2021-06-21","","539815","17343","0.032","454676","0.84","1171","0.014","1876","0.022","715","0.001","9731","2013405","209730","1808","0.82","1262","0.63"
"2021-06-22","","542173","17407","0.032","458189","0.85","1154","0.014","1884","0.022","723","0.001","7253","2020658","210485","1776","0.82","1261","0.64"
"2021-06-23","","543564","17463","0.032","459438","0.85","1310","0.016","1757","0.021","680","0.001","5261","2025919","211033","1812","0.79","1261","0.63"
"2021-06-24","","544280","17487","0.032","459793","0.84","1245","0.015","1751","0.021","675","0.001","2316","2028235","211274","1812","0.79","1261","0.62"
"2021-06-25","","545690","17526","0.032","461076","0.84","1254","0.015","1768","0.021","667","0.001","6430","2034665","211944","1812","0.77","1261","0.6"
"2021-06-26","","546537","17551","0.032","461971","0.85","1254","0.015","1802","0.021","681","0.001","2705","2037370","212226","1812","0.77","1261","0.62"
"2021-06-27","","547136","17579","0.032","462239","0.84","1251","0.015","1862","0.022","687","0.001","3285","2040655","212568","1810","0.76","1261","0.61"
"2021-06-28","","549317","17640","0.032","464711","0.85","1238","0.015","1837","0.022","687","0.001","7682","2048337","213368","1810","0.73","1261","0.62"
"2021-06-29","","550292","17685","0.032","465330","0.85","1228","0.015","1833","0.022","683","0.001","7789","2056126","214180","1786","0.71","1250","0.61"
"2021-06-30","","552289","17720","0.032","467422","0.85","1234","0.015","1800","0.021","683","0.001","5768","2061894","214781","1780","0.69","1250","0.58"
"2021-07-01","","554688","17766","0.032","470737","0.85","1023","0.012","1809","0.021","674","0.001","3772","2065666","215174","1780","0.68","1250","0.56"
"2021-07-02","","557293","17841","0.032","474232","0.85","969","0.012","1782","0.021","657","0.001","8273","2073939","216035","1760","0.66","1249","0.54"
"2021-07-03","","558698","17872","0.032","475280","0.85","971","0.012","1816","0.022","644","0.001","3233","2077172","216372","1769","0.64","1254","0.54"
"2021-07-04","","559358","17908","0.032","475589","0.85","990","0.012","1841","0.022","637","0.001","2654","2079826","216649","1769","0.63","1254","0.54"
"2021-07-05","","561505","17953","0.032","478929","0.85","1181","0.014","1691","0.02","582","0.001","8497","2088323","217534","1657","0.64","1242","0.55"
"2021-07-06","","563264","17979","0.032","480812","0.85","1091","0.013","1679","0.02","574","0.001","5994","2094317","218158","1621","0.65","1241","0.52"
"2021-07-07","","564789","18023","0.032","483721","0.86","1102","0.014","1661","0.02","544","0.001","6146","2100463","218798","1646","0.64","1200","0.54"
"2021-07-08","","566979","18068","0.032","486505","0.86","1104","0.014","1662","0.021","556","0.001","7426","2107889","219572","1636","0.63","1144","0.56"
"2021-07-09","","568940","18100","0.032","488843","0.86","1039","0.013","1637","0.02","558","0.001","8254","2116143","220432","1634","0.63","1144","0.54"
"2021-07-10","","569863","18110","0.032","489824","0.86","1039","0.013","1661","0.021","562","0.001","3526","2119669","220799","1633","0.62","1144","0.51"
"2021-07-11","","570246","18131","0.032","490090","0.86","1039","0.013","1678","0.021","551","0.001","1928","2121597","221000","1626","0.61","1143","0.51"
"2021-07-12","","572536","18166","0.032","492668","0.86","1070","0.013","1654","0.021","554","0.001","5994","2127591","221624","1627","0.62","1161","0.51"
"2021-07-13","","574681","18206","0.032","495254","0.86","1076","0.014","1644","0.021","521","0.001","5809","2133400","222229","1620","0.6","1161","0.49"
"2021-07-14","","575865","18235","0.032","497027","0.86","1075","0.014","1599","0.02","506","0.001","5449","2138849","222797","1537","0.63","1151","0.51"
"2021-07-15","","577115","18294","0.032","498683","0.86","1031","0.013","1566","0.02","502","0.001","6563","2145412","223480","1539","0.61","1151","0.51"
"2021-07-16","","578448","18304","0.032","500058","0.86","1014","0.013","1586","0.02","501","0.001","5762","2151174","224081","1539","0.62","1151","0.51"
"2021-07-17","","579086","18325","0.032","500459","0.86","1014","0.013","1592","0.02","497","0.001","2522","2147934","223743","1539","0.6","1151","0.49"
"2021-07-18","","579425","18342","0.032","500584","0.86","990","0.013","1605","0.02","500","0.001","1427","2149361","223892","1538","0.58","1142","0.49"
"2021-07-19","","579779","18388","0.032","500750","0.86","1027","0.013","1547","0.02","489","0.001","4657","2154018","224377","1526","0.56","1132","0.49"
"2021-07-20","","581593","18444","0.032","502798","0.86","1007","0.013","1576","0.02","479","0.001","5500","2159518","224950","1499","0.56","1115","0.49"
"2021-07-21","","582849","18502","0.032","505433","0.87","1025","0.013","1533","0.02","450","0.001","4966","2164484","225467","1504","0.53","1119","0.48"
"2021-07-22","","583969","18548","0.032","507140","0.87","1007","0.013","1526","0.02","444","0.001","6396","2170880","226133","1504","0.5","1118","0.47"
"","","","","","","","","","","","","","","","","","","",""
"","","","","","","","","","","","","","","","","","","",""
"","","","","","","","","","","","","","","","","","","",""
"","","","","","","","","","","","","","","","","","","",""
"","","","","","","","","","","","","","","","","","","",""
"","","","","","","","","","","","","","","","","","","",""
"","","","","","","","","","","","","","","","","","","",""
"","","","","","","","","","","","","","","","","","","",""
"","","","","","","","","","","","","","","","","","","",""
"","","","","","","","","","","","","","","","","","","",""
"","","","","","","","","","","","","","","","","","","",""
"","","","","","","","","","","","","","","","","","","",""
"","","","","","","","","","","","","","","","","","","",""
"","","","","","","","","","","","","","","","","","","",""
"","","","","","","","","","","","","","","","","","","",""
"","","","","","","","","","","","","","","","","","","",""
"","","","","","","","","","","","","","","","","","","",""
"","","","","","","","","","","","","","","","","","","",""
"","","","","","","","","","","","","","","","","","","",""
"","","","","","","","","","","","","","","","","","","",""
"","","","","","","","","","","","","","","","","","","",""
"","","","","","","","","","","","","","","","","","","",""
"","","","","","","","","","","","","","","","","","","",""
"","","","","","","","","","","","","","","","","","","",""
"","","","","","","","","","","","","","","","","","","",""
"","","","","","","","","","","","","","","","","","","",""
"","","","","","","","","","","","","","","","","","","",""
"","","","","","","","","","","","","","","","","","","",""
"","","","","","","","","","","","","","","","","","","",""
"","","","","","","","","","","","","","","","","","","",""
"","","","","","","","","","","","","","","","","","","",""
"","","","","","","","","","","","","","","","","","","",""
"","","","","","","","","","","","","","","","","","","",""
"","","","","","","","","","","","","","","","","","","",""
"","","","","","","","","","","","","","","","","","","",""
"","","","","","","","","","","","","","","","","","","",""
"","","","","","","","","","","","","","","","","","","",""
"","","","","","","","","","","","","","","","","","","",""
"","","","","","","","","","","","","","","","","","","",""
"","","","","","","","","","","","","","","","","","","",""
"","","","","","","","","","","","","","","","","","","",""
"","","","","","","","","","","","","","","","","","","",""
"","","","","","","","","","","","","","","","","","","",""
"","","","","","","","","","","","","","","","","","","",""
"","","","","","","","","","","","","","","","","","","",""
"","","","","","","","","","","","","","","","","","","",""
"","","","","","","","","","","","","","","","","","","",""
"","","","","","","","","","","","","","","","","","","",""
"","","","","","","","","","","","","","","","","","","",""
"","","","","","","","","","","","","","","","","","","",""
"","","","","","","","","","","","","","","","","","","",""
"","","","","","","","","","","","","","","","","","","",""
"","","","","","","","","","","","","","","","","","","",""
"","","","","","","","","","","","","","","","","","","",""
"","","","","","","","","","","","","","","","","","","",""
"","","","","","","","","","","","","","","","","","","",""
"","","","","","","","","","","","","","","","","","","",""
"","","","","","","","","","","","","","","","","","","",""
"","","","","","","","","","","","","","","","","","","",""
"","","","","","","","","","","","","","","","","","","",""
"","","","","","","","","","","","","","","","","","","",""
"","","","","","","","","","","","","","","","","","","",""
"","","","","","","","","","","","","","","","","","","",""
"","","","","","","","","","","","","","","","","","","",""
"","","","","","","","","","","","","","","","","","","",""
"","","","","","","","","","","","","","","","","","","",""
"","","","","","","","","","","","","","","","","","","",""
"","","","","","","","","","","","","","","","","","","",""
"","","","","","","","","","","","","","","","","","","",""
"","","","","","","","","","","","","","","","","","","",""
"","","","","","","","","","","","","","","","","","","",""
"","","","","","","","","","","","","","","","","","","",""
"","","","","","","","","","","","","","","","","","","",""
"","","","","","","","","","","","","","","","","","","",""
"","","","","","","","","","","","","","","","","","","",""
"","","","","","","","","","","","","","","","","","","",""
"","","","","","","","","","","","","","","","","","","",""
"","","","","","","","","","","","","","","","","","","",""
"","","","","","","","","","","","","","","","","","","",""
"","","","","","","","","","","","","","","","","","","",""
"","","","","","","","","","","","","","","","","","","",""
"","","","","","","","","","","","","","","","","","","",""
"","","","","","","","","","","","","","","","","","","",""
"","","","","","","","","","","","","","","","","","","",""
"","","","","","","","","","","","","","","","","","","",""
"","","","","","","","","","","","","","","","","","","",""
"","","","","","","","","","","","","","","","","","","",""
"","","","","","","","","","","","","","","","","","","",""
"","","","","","","","","","","","","","","","","","","",""
"","","","","","","","","","","","","","","","","","","",""
"","","","","","","","","","","","","","","","","","","",""
"","","","","","","","","","","","","","","","","","","",""
"","","","","","","","","","","","","","","","","","","",""
"","","","","","","","","","","","","","","","","","","",""
"","","","","","","","","","","","","","","","","","","",""
"","","","","","","","","","","","","","","","","","","",""
"","","","","","","","","","","","","","","","","","","",""
"","","","","","","","","","","","","","","","","","","",""
"","","","","","","","","","","","","","","","","","","",""
"","","","","","","","","","","","","","","","","","","",""
"","","","","","","","","","","","","","","","","","","",""
"","","","","","","","","","","","","","","","","","","",""
"","","","","","","","","","","","","","","","","","","",""
"","","","","","","","","","","","","","","","","","","",""
"","","","","","","","","","","","","","","","","","","",""
"","","","","","","","","","","","","","","","","","","",""
"","","","","","","","","","","","","","","","","","","",""
"","","","","","","","","","","","","","","","","","","",""
"","","","","","","","","","","","","","","","","","","",""
"","","","","","","","","","","","","","","","","","","",""
"","","","","","","","","","","","","","","","","","","",""
"","","","","","","","","","","","","","","","","","","",""
"","","","","","","","","","","","","","","","","","","",""
"","","","","","","","","","","","","","","","","","","",""
"","","","","","","","","","","","","","","","","","","",""
"","","","","","","","","","","","","","","","","","","",""
"","","","","","","","","","","","","","","","","","","",""
"","","","","","","","","","","","","","","","","","","",""
"","","","","","","","","","","","","","","","","","","",""
"","","","","","","","","","","","","","","","","","","",""
"","","","","","","","","","","","","","","","","","","",""
"","","","","","","","","","","","","","","","","","","",""
"","","","","","","","","","","","","","","","","","","",""
"","","","","","","","","","","","","","","","","","","",""
"","","","","","","","","","","","","","","","","","","",""
"","","","","","","","","","","","","","","","","","","",""
"","","","","","","","","","","","","","","","","","","",""
"","","","","","","","","","","","","","","","","","","",""
"","","","","","","","","","","","","","","","","","","",""
"","","","","","","","","","","","","","","","","","","",""
"","","","","","","","","","","","","","","","","","","",""
"","","","","","","","","","","","","","","","","","","",""
"","","","","","","","","","","","","","","","","","","",""
"","","","","","","","","","","","","","","","","","","",""
"","","","","","","","","","","","","","","","","","","",""
"","","","","","","","","","","","","","","","","","","",""
"","","","","","","","","","","","","","","","","","","",""
"","","","","","","","","","","","","","","","","","","",""
"","","","","","","","","","","","","","","","","","","",""
"","","","","","","","","","","","","","","","","","","",""
"","","","","","","","","","","","","","","","","","","",""
"","","","","","","","","","","","","","","","","","","",""
"","","","","","","","","","","","","","","","","","","",""
"","","","","","","","","","","","","","","","","","","",""
"","","","","","","","","","","","","","","","","","","",""
"","","","","","","","","","","","","","","","","","","",""
"","","","","","","","","","","","","","","","","","","",""
"","","","","","","","","","","","","","","","","","","",""
"","","","","","","","","","","","","","","","","","","",""
"","","","","","","","","","","","","","","","","","","",""
"","","","","","","","","","","","","","","","","","","",""
"","","","","","","","","","","","","","","","","","","",""
"","","","","","","","","","","","","","","","","","","",""
"","","","","","","","","","","","","","","","","","","",""
"","","","","","","","","","","","","","","","","","","",""
"","","","","","","","","","","","","","","","","","","",""
"","","","","","","","","","","","","","","","","","","",""
"","","","","","","","","","","","","","","","","","","",""
"","","","","","","","","","","","","","","","","","","",""
"","","","","","","","","","","","","","","","","","","",""
"","","","","","","","","","","","","","","","","","","",""
"","","","","","","","","","","","","","","","","","","",""
"","","","","","","","","","","","","","","","","","","",""
"","","","","","","","","","","","","","","","","","","",""
"","","","","","","","","","","","","","","","","","","",""
"","","","","","","","","","","","","","","","","","","",""
"","","","","","","","","","","","","","","","","","","",""
"","","","","","","","","","","","","","","","","","","",""
"","","","","","","","","","","","","","","","","","","",""
"","","","","","","","","","","","","","","","","","","",""
"","","","","","","","","","","","","","","","","","","",""
"","","","","","","","","","","","","","","","","","","",""
"","","","","","","","","","","","","","","","","","","",""
"","","","","","","","","","","","","","","","","","","",""
"","","","","","","","","","","","","","","","","","","",""
"","","","","","","","","","","","","","","","","","","",""
"","","","","","","","","","","","","","","","","","","",""
"","","","","","","","","","","","","","","","","","","",""
"","","","","","","","","","","","","","","","","","","",""
"","","","","","","","","","","","","","","","","","","",""
"","","","","","","","","","","","","","","","","","","",""
"","","","","","","","","","","","","","","","","","","",""
"","","","","","","","","","","","","","","","","","","",""
"","","","","","","","","","","","","","","","","","","",""
"","","","","","","","","","","","","","","","","","","",""
"","","","","","","","","","","","","","","","","","","",""
"","","","","","","","","","","","","","","","","","","",""
"","","","","","","","","","","","","","","","","","","",""
"","","","","","","","","","","","","","","","","","","",""
"","","","","","","","","","","","","","","","","","","",""
"","","","","","","","","","","","","","","","","","","",""
"","","","","","","","","","","","","","","","","","","",""
"","","","","","","","","","","","","","","","","","","",""
"","","","","","","","","","","","","","","","","","","",""
"","","","","","","","","","","","","","","","","","","",""
"","","","","","","","","","","","","","","","","","","",""
"","","","","","","","","","","","","","","","","","","",""
"","","","","","","","","","","","","","","","","","","",""
"","","","","","","","","","","","","","","","","","","",""
"","","","","","","","","","","","","","","","","","","",""
"","","","","","","","","","","","","","","","","","","",""
"","","","","","","","","","","","","","","","","","","",""
"","","","","","","","","","","","","","","","","","","",""
"","","","","","","","","","","","","","","","","","","",""
"","","","","","","","","","","","","","","","","","","",""
"","","","","","","","","","","","","","","","","","","",""
"","","","","","","","","","","","","","","","","","","",""
"","","","","","","","","","","","","","","","","","","",""
"","","","","","","","","","","","","","","","","","","",""
"","","","","","","","","","","","","","","","","","","",""
"","","","","","","","","","","","","","","","","","","",""
"","","","","","","","","","","","","","","","","","","",""
"","","","","","","","","","","","","","","","","","","",""
"","","","","","","","","","","","","","","","","","","",""
"","","","","","","","","","","","","","","","","","","",""
"","","","","","","","","","","","","","","","","","","",""
"","","","","","","","","","","","","","","","","","","",""
"","","","","","","","","","","","","","","","","","","",""
"","","","","","","","","","","","","","","","","","","",""
"","","","","","","","","","","","","","","","","","","",""
"","","","","","","","","","","","","","","","","","","",""
"","","","","","","","","","","","","","","","","","","",""
"","","","","","","","","","","","","","","","","","","",""
"","","","","","","","","","","","","","","","","","","",""
"","","","","","","","","","","","","","","","","","","",""
"","","","","","","","","","","","","","","","","","","",""
"","","","","","","","","","","","","","","","","","","",""
"","","","","","","","","","","","","","","","","","","",""
"","","","","","","","","","","","","","","","","","","",""
"","","","","","","","","","","","","","","","","","","",""
"","","","","","","","","","","","","","","","","","","",""
"","","","","","","","","","","","","","","","","","","",""
"","","","","","","","","","","","","","","","","","","",""
"","","","","","","","","","","","","","","","","","","",""
"","","","","","","","","","","","","","","","","","","",""
"","","","","","","","","","","","","","","","","","","",""
"","","","","","","","","","","","","","","","","","","",""
"","","","","","","","","","","","","","","","","","","",""
"","","","","","","","","","","","","","","","","","","",""
"","","","","","","","","","","","","","","","","","","",""